GSE68052	POLR2A	A-375_DMSO	GSM1661790	GSM1661784	0	SRP057456	PRJNA281627
GSE68052	POLR2A	A-375_A771726	GSM1661791	GSM1661785	0	SRP057456	PRJNA281627
GSE69738	POLR2A	HeLa_siLacZ-449	GSM1708040		0	SRP059327	PRJNA286307
GSE69738	POLR2A	HeLa_siRNF20-449	GSM1708041		0	SRP059327	PRJNA286307
GSE69738	POLR2A	HeLa_siLacZ-450	GSM1708042		0	SRP059327	PRJNA286307
GSE69738	POLR2A	HeLa_siRNF20-450	GSM1708043		0	SRP059327	PRJNA286307
GSE65381	POLR2A	G-401	GSM1824917		0	SRP052912	PRJNA273859
GSE75814	POLR2A	SK-MEL-5_THZ1	GSM1968286	GSM1968284	0	SRP067151	PRJNA305433
GSE75814	POLR2A	SK-MEL-5_DMSO	GSM1968287	GSM1968284	0	SRP067151	PRJNA305433
GSE76147	POLR2A	CAL-1	GSM1975023	GSM1975021	0	SRP067566	PRJNA306431
GSE76147	POLR2A	CAL-1_JQ1	GSM1975026	GSM1975024	0	SRP067566	PRJNA306431
GSE76147	POLR2A	CAL-1_DMSO	GSM1975029	GSM1975027	0	SRP067566	PRJNA306431
GSE76147	POLR2A	CAL-1_JQ1	GSM1975032	GSM1975030	0	SRP067566	PRJNA306431
GSE76955	POLR2A	K-562	GSM2041446;GSM2041445	GSM2041447	0	SRP068569	PRJNA309133
GSE77640	POLR2AphosphoS5	HeLa	GSM2055561	GSM2055558	0	SRP069722	PRJNA311069
GSE77640	POLR2AphosphoS5	HeLa_Rrp40	GSM2055562	GSM2055559	0	SRP069722	PRJNA311069
GSE77640	POLR2AphosphoS5	HeLa_Mtr4	GSM2055563	GSM2055560	0	SRP069722	PRJNA311069
GSE79288	POLR2AphosphoS2	MOLT-4_dBET6	GSM2090927	GSM2521497	0	SRP071858	PRJNA315416
GSE79288	POLR2AphosphoS2	MOLT-4_JQ1	GSM2090929	GSM2521497	0	SRP071858	PRJNA315416
GSE79288	POLR2AphosphoS2	MOLT-4_DMSO	GSM2090934	GSM2521497	0	SRP071858	PRJNA315416
GSE79288	POLR2A	MOLT-4_DMSO_2h	GSM2521494	GSM2521497	0	SRP071858	PRJNA315416
GSE79288	POLR2A	MOLT-4_JQ1_2h	GSM2521495	GSM2521497	0	SRP071858	PRJNA315416
GSE79288	POLR2A	MOLT-4_dBET6_2h	GSM2521496	GSM2521497	0	SRP071858	PRJNA315416
GSE80150	POLR2A	Tet21N	GSM2113508	GSM2113506	0	SRP073113	PRJNA318041
GSE80150	POLR2A	Tet21N_DOX_1d	GSM2113512	GSM2113510	0	SRP073113	PRJNA318041
GSE80150	POLR2A	Tet21N_DOX_2h	GSM2113516	GSM2113514	0	SRP073113	PRJNA318041
GSE80151	POLR2A	BE2-C	GSM2113522	GSM2113520	0	SRP073110	PRJNA318044
GSE80728	POLR2A	MCF-7_DMSO	GSM2135493	GSM2135485	0	SRP074073	PRJNA319816
GSE80728	POLR2A	MCF-7_E2	GSM2135494	GSM2135486	0	SRP074073	PRJNA319816
GSE80728	POLR2A	MCF-7_Dox_DMSO	GSM2135495	GSM2135487	0	SRP074073	PRJNA319816
GSE80728	POLR2A	MCF-7_Dox_E2	GSM2135496	GSM2135488	0	SRP074073	PRJNA319816
GSE80779	POLR2A	MOLM-13	GSM2136943	GSM2136942	0	SRP074137	PRJNA319970
GSE80779	POLR2A	MV4-11	GSM2136949	GSM2136948	0	SRP074137	PRJNA319970
GSE80779	POLR2AphosphoS2	MOLM-13_sgENL1	GSM2136950	GSM2136942	0	SRP074137	PRJNA319970
GSE80779	POLR2AphosphoS2	MOLM-13_sgENL5	GSM2136951	GSM2136942	0	SRP074137	PRJNA319970
GSE80779	POLR2AphosphoS2	MOLM-13_sgGFP	GSM2136952	GSM2136942	0	SRP074137	PRJNA319970
GSE80779	POLR2A	MOLM-13_sgENL5	GSM2136953	GSM2136942	0	SRP074137	PRJNA319970
GSE80779	POLR2A	MOLM-13_sgGFP	GSM2136954	GSM2136942	0	SRP074137	PRJNA319970
GSE81404	POLR2A	GPCCi001-A	GSM2151919		0	SRP075001	PRJNA321474
GSE81404	POLR2A	GPCCi001-A_siATF3	GSM2151920		0	SRP075001	PRJNA321474
GSE81404	POLR2A	GPCCi001-A_siCSL	GSM2151921		0	SRP075001	PRJNA321474
GSE81404	POLR2A	GPCCi001-A_siATF3_siCSL	GSM2151922		0	SRP075001	PRJNA321474
GSE81899	POLR2A	MRC-5_OSK_after5d	GSM2573023		0	SRP075968	PRJNA324089
GSE81899	POLR2A	MRC-5_OSvKM_after5d	GSM2573024		0	SRP075968	PRJNA324089
GSE81899	POLR2A	MRC-5	GSM2183732;GSM2183731		0	SRP075968	PRJNA324089
GSE81899	POLR2A	MRC-5_OSKM	GSM2183734;GSM2183733		0	SRP075968	PRJNA324089
GSE81899	POLR2A	MRC-5_OSvKM	GSM2183736;GSM2183735		0	SRP075968	PRJNA324089
GSE81899	POLR2A	iPS	GSM2183739;GSM2183737;GSM2183738		0	SRP075968	PRJNA324089
GSE85089	POLR2A	HeLa_DMSO	GSM2257571		0	SRP080797	PRJNA336122
GSE85089	POLR2A	HeLa_DMSO_EGF	GSM2257572		0	SRP080797	PRJNA336122
GSE85089	POLR2A	HeLa_ERK	GSM2257573		0	SRP080797	PRJNA336122
GSE85089	POLR2A	HeLa_ERK_EGF	GSM2257574		0	SRP080797	PRJNA336122
GSE85169	POLR2A	RMS_DMSO	GSM2259157	GSM2259147	0	SRP080881	PRJNA336374
GSE85169	POLR2A	RMS_Trametinib	GSM2259158	GSM2259146	0	SRP080881	PRJNA336374
GSE85169	POLR2AphosphoS2	RMS_DMSO	GSM3103106		0	SRP080881	PRJNA336374
GSE85169	POLR2AphosphoS2	RMS_Trametinib	GSM3103107		0	SRP080881	PRJNA336374
GSE78801	POLR2A	SF8628	GSM2265627;GSM2265626	GSM2265643;GSM2265644	0	SRP071040	PRJNA313974
GSE78801	POLR2A	SU-DIPG-IV	GSM2265658	GSM2265660	0	SRP071040	PRJNA313974
GSE85693	POLR2A	TL-Om1_DMSO	GSM2281662	GSM2281663	0	SRP082213	PRJNA339127
GSE85693	POLR2A	TL-Om1_THZ1	GSM2281664	GSM2281665	0	SRP082213	PRJNA339127
GSE86504	POLR2A	HT-1080_NTC	GSM2304701	GSM2304698	0	SRP087387	PRJNA342098
GSE86504	POLR2A	HT-1080_shM	GSM2304702	GSM2304698	0	SRP087387	PRJNA342098
GSE86511	POLR2AphosphoS2	U-87MG-ATCC	GSM2304867	GSM2304856	0	SRP087437	PRJNA342118
GSE86511	POLR2AphosphoS2	U-87MG-ATCC_DOX	GSM2304868	GSM2304858	0	SRP087437	PRJNA342118
GSE86511	POLR2A	U-87MG-ATCC	GSM2304870	GSM2304856	0	SRP087437	PRJNA342118
GSE86511	POLR2A	U-87MG-ATCC_DOX	GSM2304871	GSM2304858	0	SRP087437	PRJNA342118
GSE86511	POLR2A	BT-168	GSM2304875	GSM2304860	0	SRP087437	PRJNA342118
GSE86511	POLR2A	BT-168_DOX	GSM2304876	GSM2304862	0	SRP087437	PRJNA342118
GSE86556	POLR2A	HCT-116_EV_plusQ	GSM2305574	GSM2305573	0	SRP087630	PRJNA342303
GSE86556	POLR2AphosphoS2	HCT-116_EV_plusQ	GSM2305575	GSM2305573	0	SRP087630	PRJNA342303
GSE86556	POLR2A	HCT-116_EV_minusQ	GSM2305576	GSM2305573	0	SRP087630	PRJNA342303
GSE86556	POLR2AphosphoS2	HCT-116_EV_minusQ	GSM2305577	GSM2305573	0	SRP087630	PRJNA342303
GSE86556	POLR2A	HCT-116_MYCER_minusQ	GSM2305578	GSM2305573	0	SRP087630	PRJNA342303
GSE86556	POLR2AphosphoS2	HCT-116_MYCER_minusQ	GSM2305579	GSM2305573	0	SRP087630	PRJNA342303
GSE86855	POLR2A	MDA-MB-231	GSM2309434	GSM2309432;GSM2309426	0	SRP089784	PRJNA342781
GSE86855	POLR2A	MDA-MB-231_shSET1B	GSM2309435	GSM2309433;GSM2309427	0	SRP089784	PRJNA342781
GSE86981	POLR2A	fetal-retinal-tissue-13	GSM2316354	GSM2316359	0	SRP089967	PRJNA343125
GSE86981	POLR2A	fetal-retinal-tissue-15	GSM2316355	GSM2316361	0	SRP089967	PRJNA343125
GSE86981	POLR2A	fetal-retinal-tissue-20	GSM2316356	GSM2316364	0	SRP089967	PRJNA343125
GSE86981	POLR2A	fetal-retinal-tissue-23	GSM2316357	GSM2316365	0	SRP089967	PRJNA343125
GSE86981	POLR2A	retinoblastoma	GSM2316358	GSM2316368	0	SRP089967	PRJNA343125
GSE87324	POLR2A	TC-32	GSM2327769	GSM2327773	0	SRP090392	PRJNA344334
GSE87324	POLR2A	TC-32_Etoposide	GSM2327770	GSM2327774	0	SRP090392	PRJNA344334
GSE87324	POLR2A	EWS-502	GSM2327775	GSM2327779	0	SRP090392	PRJNA344334
GSE87324	POLR2A	EWS-502_Etoposide	GSM2327776	GSM2327780	0	SRP090392	PRJNA344334
GSE87324	POLR2A	IMR-90	GSM2327781	GSM2327785	0	SRP090392	PRJNA344334
GSE87324	POLR2A	IMR-90_Etoposide	GSM2327782	GSM2327786	0	SRP090392	PRJNA344334
GSE87324	POLR2A	U2OS	GSM2327787	GSM2327791	0	SRP090392	PRJNA344334
GSE87324	POLR2A	U2OS_Etoposide	GSM2327788	GSM2327792	0	SRP090392	PRJNA344334
GSE87470	POLR2A	HeLa	GSM2332317	GSM2332313	0	SRP090618	PRJNA344878
GSE87562	POLR2A	GM00739_UV_0h	GSM2333816	GSM2333828	0	SRP090813	PRJNA345269
GSE87562	POLR2A	GM00739_UV_8h	GSM2333817	GSM2333828	0	SRP090813	PRJNA345269
GSE87562	POLR2A	GM00739_UV_1d	GSM2333818	GSM2333828	0	SRP090813	PRJNA345269
GSE87562	POLR2A	GM00739_Mut_UV_1d	GSM2333819	GSM2333828	0	SRP090813	PRJNA345269
GSE89179	POLR2A	hFOB-1-19_siCon	GSM2360005	GSM2360020	0	SRP092061	PRJNA350526
GSE89179	POLR2A	hFOB-1-19_siCHD1	GSM2360006	GSM2360021	0	SRP092061	PRJNA350526
GSE89212	POLR2AphosphoS5	Huh-7	GSM2360956	GSM2360954	0	SRP092112	PRJNA350685
GSE89212	POLR2AphosphoS5	Huh-7_CoV	GSM2360957	GSM2360954	0	SRP092112	PRJNA350685
GSE89212	POLR2AphosphoS5	Huh-7_IL1	GSM2360958	GSM2360955	0	SRP092112	PRJNA350685
GSE74520	POLR2A	GBM3565_IC	GSM2360991	GSM2360988	0	SRP065543	PRJNA300650
GSE74520	POLR2A	GBM3565	GSM2360995	GSM2360988	0	SRP065543	PRJNA300650
GSE74520	POLR2A	GBM528_IC	GSM2360997	GSM2360996	0	SRP065543	PRJNA300650
GSE74520	POLR2A	GBM528	GSM2360998	GSM2360996	0	SRP065543	PRJNA300650
GSE89384	POLR2A	MOLT-4_DMSO	GSM2367763	GSM2367762	0	SRP092469	PRJNA352097
GSE89384	POLR2A	MOLT-4_NVP-2	GSM2367764	GSM2367762	0	SRP092469	PRJNA352097
GSE89384	POLR2A	MOLT-4_SNS	GSM2367765	GSM2367762	0	SRP092469	PRJNA352097
GSE89384	POLR2A	MOLT-4_THAL	GSM2367766	GSM2367762	0	SRP092469	PRJNA352097
GSE89404	POLR2A	naive-CD4	GSM2370637		0	SRP092452	PRJNA352212
GSE89404	POLR2A	TCM-CD4	GSM2370645		0	SRP092452	PRJNA352212
GSE89404	POLR2A	TEM-CD4 	GSM2370653		0	SRP092452	PRJNA352212
GSE82116	POLR2A	MV4-11_DMSO	GSM2405921	GSM2405929	0	SRP075967	PRJNA324085
GSE82116	POLR2AphosphoS2	MV4-11_DMSO	GSM2405922	GSM2405929	0	SRP075967	PRJNA324085
GSE82116	POLR2A	MV4-11_dTAG-13	GSM2405925	GSM2405929	0	SRP075967	PRJNA324085
GSE82116	POLR2AphosphoS2	MV4-11_dTAG-13	GSM2405926	GSM2405929	0	SRP075967	PRJNA324085
GSE93030	POLR2A	HUVEC_modifiedRNA_GFP	GSM2442781	GSM2442791	0	SRP095850	PRJNA359488
GSE93030	POLR2A	HUVEC_modifiedRNA_ETS1	GSM2442782	GSM2442791	0	SRP095850	PRJNA359488
GSE93030	POLR2A	HUVEC_siRNA_ETS1	GSM2442783	GSM2442791	0	SRP095850	PRJNA359488
GSE93030	POLR2A	HUVEC_siRNA_CTR	GSM2442784	GSM2442791	0	SRP095850	PRJNA359488
GSE93931	POLR2A	HeLa	GSM2465079	GSM2465078	0	SRP097610	PRJNA362854
GSE93931	POLR2A	HeLa_H2O2_3min	GSM2465080	GSM2465078	0	SRP097610	PRJNA362854
GSE93931	POLR2A	HeLa_H2O2_10min	GSM2465081	GSM2465078	0	SRP097610	PRJNA362854
GSE93931	POLR2A	HeLa_H2O2_30min	GSM2465082	GSM2465078	0	SRP097610	PRJNA362854
GSE93931	POLR2A	HeLa_H2O2_100min	GSM2465083	GSM2465078	0	SRP097610	PRJNA362854
GSE93931	POLR2A	HeLa_flavo_1h	GSM2465084	GSM2465078	0	SRP097610	PRJNA362854
GSE93931	POLR2A	HeLa_flavo_1h_H2O2_3min	GSM2465085	GSM2465078	0	SRP097610	PRJNA362854
GSE93931	POLR2A	HeLa_flavo_1h_H2O2_10min	GSM2465086	GSM2465078	0	SRP097610	PRJNA362854
GSE93931	POLR2A	HeLa_flavo_1h_H2O2_30min	GSM2465087	GSM2465078	0	SRP097610	PRJNA362854
GSE93931	POLR2A	HeLa_flavo_1h_H2O2_100min	GSM2465088	GSM2465078	0	SRP097610	PRJNA362854
GSE93931	POLR2A	HeLa_flavo_1h	GSM2465093	GSM2465089	0	SRP097610	PRJNA362854
GSE93931	POLR2A	HeLa_flavo_1h_H2O2_35min	GSM2465094	GSM2465090	0	SRP097610	PRJNA362854
GSE93931	POLR2A	HeLa_flavo_40min_DMSO_20min	GSM2465107	GSM2465095	0	SRP097610	PRJNA362854
GSE93931	POLR2A	HeLa_flavo_40min_DMSO_20min_H202_10min	GSM2465108	GSM2465096	0	SRP097610	PRJNA362854
GSE93931	POLR2A	HeLa_flavo_40min_PJ34_20min	GSM2465109	GSM2465097	0	SRP097610	PRJNA362854
GSE93931	POLR2A	HeLa_flavo_40min_PJ34_20min_H2O2_10min	GSM2465110	GSM2465098	0	SRP097610	PRJNA362854
GSE94062	POLR2A	MCF-10A_untreated	GSM2467771;GSM2467770		0	SRP097756	PRJNA368705
GSE94062	POLR2A	MCF-10A_DEX_20min	GSM2467773;GSM2467772		0	SRP097756	PRJNA368705
GSE94062	POLR2A	MCF-10A_DEX_60min	GSM2467775;GSM2467774		0	SRP097756	PRJNA368705
GSE94062	POLR2A	MCF-10A_EGF_20min	GSM2467777;GSM2467776		0	SRP097756	PRJNA368705
GSE94062	POLR2A	MCF-10A_EGF_60min	GSM2467779;GSM2467778		0	SRP097756	PRJNA368705
GSE94062	POLR2A	MCF-10A_DEX-EGF_20min	GSM2467781;GSM2467780		0	SRP097756	PRJNA368705
GSE94062	POLR2A	MCF-10A_DEX-EGF_60min	GSM2467783;GSM2467782		0	SRP097756	PRJNA368705
GSE94330	POLR2A	Raji	GSM2473253;GSM2473252		0	SRP098644	PRJNA369388
GSE94330	POLR2A_YFFF	Raji	GSM2473255;GSM2473254		0	SRP098644	PRJNA369388
GSE95632	POLR2A	HASM2_EtOH_5E	GSM2519952	GSM2519943	0	SRP101282	PRJNA377732
GSE95632	POLR2A	HASM2_EtOH_5b	GSM2519953	GSM2519943	0	SRP101282	PRJNA377732
GSE95632	POLR2A	HASM2_DEX_6d	GSM2519954	GSM2519946	0	SRP101282	PRJNA377732
GSE95632	POLR2A	HASM2_DEX_6e	GSM2519955	GSM2519946	0	SRP101282	PRJNA377732
GSE95632	POLR2A	HASM2_DEX-GFP_7c	GSM2519956	GSM2519946	0	SRP101282	PRJNA377732
GSE95632	POLR2A	HASM2_DEX-GFP_7e	GSM2519957	GSM2519946	0	SRP101282	PRJNA377732
GSE95632	POLR2A	HASM2_EtOH_KLF15_8B	GSM2519958	GSM2519943	0	SRP101282	PRJNA377732
GSE95632	POLR2A	HASM2_EtOH_KLF15_8D	GSM2519959	GSM2519943	0	SRP101282	PRJNA377732
GSE95632	POLR2A	HASM2_DEX_KLF15_9b	GSM2519960	GSM2519946	0	SRP101282	PRJNA377732
GSE95632	POLR2A	HASM2_DEX_KLF15_9e	GSM2519961	GSM2519946	0	SRP101282	PRJNA377732
GSE95749	POLR2A	C666-1	GSM2523131	GSM2523130	0	SRP101457	PRJNA378260
GSE97033	POLR2A	F1-CiPSCs	GSM2550189	GSM2550183	0	SRP102455	PRJNA380431
GSE97033	POLR2A	F1-CPCs	GSM2550196	GSM2550190	0	SRP102455	PRJNA380431
GSE97033	POLR2A	F1-ECs	GSM2550203	GSM2550197	0	SRP102455	PRJNA380431
GSE97033	POLR2A	F1-EiPSCs	GSM2550210	GSM2550204	0	SRP102455	PRJNA380431
GSE97033	POLR2A	F1-FBs	GSM2550217	GSM2550211	0	SRP102455	PRJNA380431
GSE97033	POLR2A	F1-FiPSCs	GSM2550224	GSM2550218	0	SRP102455	PRJNA380431
GSE97033	POLR2A	F2-CiPSCs	GSM2550231	GSM2550225	0	SRP102455	PRJNA380431
GSE97033	POLR2A	F2-CPCs	GSM2550238	GSM2550232	0	SRP102455	PRJNA380431
GSE97033	POLR2A	F2-ECs	GSM2550245	GSM2550239	0	SRP102455	PRJNA380431
GSE97033	POLR2A	F2-EiPSCs	GSM2550252	GSM2550246	0	SRP102455	PRJNA380431
GSE97033	POLR2A	F2-FBs	GSM2550259	GSM2550253	0	SRP102455	PRJNA380431
GSE97033	POLR2A	F2-FiPSCs	GSM2550266	GSM2550260	0	SRP102455	PRJNA380431
GSE97326	POLR2A	CAL-51	GSM2561648	GSM2561670	0	SRP108473	PRJNA381421
GSE97527	POLR2A	HCT-116_SERPINE2_enh_KO1	GSM2571037	GSM2571023;GSM2571024	0	SRP103746	PRJNA382164
GSE97527	POLR2A	HCT-116_SERPINE2_enh_KO1_shPAF1	GSM2571039	GSM2571026;GSM2571027	0	SRP103746	PRJNA382164
GSE97527	POLR2A	HCT-116_SERPINE2_enh_KO2	GSM2571041	GSM2571023;GSM2571024	0	SRP103746	PRJNA382164
GSE97527	POLR2A	HCT-116_SERPINE2_enh_KO2_shPAF1	GSM2571043	GSM2571026;GSM2571027	0	SRP103746	PRJNA382164
GSE97527	POLR2A	HCT-116_IER5_enh_KO1	GSM2571045	GSM2571023;GSM2571024	0	SRP103746	PRJNA382164
GSE97527	POLR2A	HCT-116_IER5_enh_KO1_shPAF1	GSM2571047	GSM2571026;GSM2571027	0	SRP103746	PRJNA382164
GSE97527	POLR2A	HCT-116_IER5_enh_KO2	GSM2571049	GSM2571023;GSM2571024	0	SRP103746	PRJNA382164
GSE97527	POLR2A	HCT-116_IER5_enh_KO2_shPAF1	GSM2571051	GSM2571026;GSM2571027	0	SRP103746	PRJNA382164
GSE97527	POLR2A	HCT-116	GSM2667962;GSM2571053;GSM2571052	GSM2571023	0	SRP103746	PRJNA382164
GSE97527	POLR2A	HCT-116_42c	GSM2571054		0	SRP103746	PRJNA382164
GSE97527	POLR2A	HCT-116	GSM2667963;GSM2571055	GSM2571024	0	SRP103746	PRJNA382164
GSE97527	POLR2A	HCT-116_WT	GSM2571057	GSM2571023;GSM2571024	0	SRP103746	PRJNA382164
GSE97527	POLR2A	HCT-116_shPAF1	GSM2571059	GSM2571026;GSM2571027	0	SRP103746	PRJNA382164
GSE97527	POLR2A	HCT-116_shPAF1_37c	GSM2667964;GSM2571061;GSM2571060	GSM2571026	0	SRP103746	PRJNA382164
GSE97527	POLR2A	HCT-116_shPAF1_42c	GSM2571062	GSM2571027	0	SRP103746	PRJNA382164
GSE97527	POLR2A	HCT-116	GSM2667965;GSM2571063		0	SRP103746	PRJNA382164
GSE97589	POLR2A	U2OS_ind	GSM2572688	GSM2572692	0	SRP103771	PRJNA382378
GSE97589	POLR2A	U2OS_unind	GSM2572689	GSM2572693	0	SRP103771	PRJNA382378
GSE97589	POLR2AphosphoS2	U2OS_ind	GSM2572690	GSM2572692	0	SRP103771	PRJNA382378
GSE97589	POLR2AphosphoS2	U2OS_unind	GSM2572691	GSM2572693	0	SRP103771	PRJNA382378
GSE97827	POLR2AphosphoS2	HEK293	GSM2579064;GSM2579063		0	SRP103940	PRJNA382974
GSE97827	POLR2AphosphoS2	HEK293_mutantR749H	GSM2579067;GSM2579066;GSM2579065		0	SRP103940	PRJNA382974
GSE97827	POLR2AphosphoS2	HEK293_mutantH1108Y	GSM2579068		0	SRP103940	PRJNA382974
GSE97827	POLR2AphosphoS2	HEK293_mutantE1126G	GSM2579069		0	SRP103940	PRJNA382974
GSE97827	POLR2AphosphoS7	HEK293	GSM2579070		0	SRP103940	PRJNA382974
GSE97827	POLR2AphosphoS7	HEK293_mutantR749H	GSM2579072;GSM2579071		0	SRP103940	PRJNA382974
GSE97827	POLR2AphosphoS5	HEK293	GSM2579073		0	SRP103940	PRJNA382974
GSE97827	POLR2AphosphoS5	HEK293_mutantR749H	GSM2579075;GSM2579074		0	SRP103940	PRJNA382974
GSE97827	POLR2Atyr1	HEK293	GSM2579076		0	SRP103940	PRJNA382974
GSE97827	POLR2Atyr1	HEK293_mutantR749H	GSM2579077		0	SRP103940	PRJNA382974
GSE97827	POLR2A	HEK293_mutantH1108Y	GSM2601547		0	SRP103940	PRJNA382974
GSE78957	POLR2A	SH-EP-NMYCER_EtOH_DMSO	GSM2589147	GSM2589146	0	SRP071219	PRJNA314499
GSE78957	POLR2A	SH-EP-NMYCER_4-OHT_DMSO	GSM2589148	GSM2589146	0	SRP071219	PRJNA314499
GSE78957	POLR2A	SH-EP-NMYCER_EtOH_CD532	GSM2589149	GSM2589146	0	SRP071219	PRJNA314499
GSE78957	POLR2A	SH-EP-NMYCER_4-OHT_CD532	GSM2589150	GSM2589146	0	SRP071219	PRJNA314499
GSE78957	POLR2A	SH-EP-NMYCER_TF3C5dep_EtOH_EtOH	GSM2589152	GSM2589151	0	SRP071219	PRJNA314499
GSE78957	POLR2A	SH-EP-NMYCER_TF3C5dep_4-OHT_EtOH	GSM2589153	GSM2589151	0	SRP071219	PRJNA314499
GSE78957	POLR2A	SH-EP-NMYCER_TF3C5dep_EtOH_DOX	GSM2589154	GSM2589151	0	SRP071219	PRJNA314499
GSE78957	POLR2A	SH-EP-NMYCER_TF3C5dep_4-OHT_DOX	GSM2589155	GSM2589151	0	SRP071219	PRJNA314499
GSE98367	POLR2A	Monocytes_CD14p_IFNg	GSM2592805		0	SRP105693	PRJNA384909
GSE98367	POLR2A	Monocytes_CD14p	GSM2592806		0	SRP105693	PRJNA384909
GSE99171	POLR2A	U87-GMB	GSM2634762	GSM2634764	0	SRP107788	PRJNA387463
GSE99171	POLR2A	U87-GMB_dBET6_1d	GSM2634763	GSM2634764	0	SRP107788	PRJNA387463
GSE99178	POLR2A	K-562_DMSO	GSM2635250		0	SRP107796	PRJNA387471
GSE99178	POLR2A	K-562_JQ1_2h	GSM2635252		0	SRP107796	PRJNA387471
GSE99178	POLR2A	K-562_JQ1_6h	GSM2635254		0	SRP107796	PRJNA387471
GSE99344	POLR2A	HeLa-Kyoto_siARS2	GSM2642496;GSM2642492	GSM2642494;GSM2642490	0	SRP108112	PRJNA388166
GSE99344	POLR2A	HeLa-Kyoto_siZC3H18	GSM2642503;GSM2642500	GSM2642502;GSM2642498	0	SRP108112	PRJNA388166
GSE99344	POLR2A	HeLa-Kyoto_siRRP40	GSM2642507;GSM2642505		0	SRP108112	PRJNA388166
GSE99344	POLR2A	HeLa-Kyoto_siFFL	GSM2642508;GSM2642506;GSM2642504;GSM2642501;GSM2642497;GSM2642493	GSM2642499;GSM2642495;GSM2642491	0	SRP108112	PRJNA388166
GSE99402	POLR2A	GM15850_LCLs-FRDA_PA1_JQ1	GSM2643545	GSM2643542	0	SRP108252	PRJNA388395
GSE99402	POLR2A	GM15850_LCLs-FRDA_Syn-TEF1	GSM2643546	GSM2643543	0	SRP108252	PRJNA388395
GSE99402	POLR2A	GM15850_LCLs-FRDA_DMSO	GSM2643547	GSM2643544	0	SRP108252	PRJNA388395
GSE99479	POLR2A	T-47D_vehicule	GSM2644608;GSM2644607	GSM2644584;GSM2644583	0	SRP108337	PRJNA388581
GSE99479	POLR2A	T-47D_P4	GSM2644610;GSM2644609	GSM2644584;GSM2644583	0	SRP108337	PRJNA388581
GSE99479	POLR2A	T-47D_wt-R330fsl_vehicule	GSM2644612;GSM2644611	GSM2644584;GSM2644583	0	SRP108337	PRJNA388581
GSE99479	POLR2A	T-47D_wt-R330fsl_P4	GSM2644614;GSM2644613	GSM2644584;GSM2644583	0	SRP108337	PRJNA388581
GSE99998	POLR2A	HeLa_siRNAcontrol	GSM2667595;GSM2667594	GSM2667598	0	SRP109117	PRJNA390303
GSE99998	POLR2A	HeLa_siKAT2A-B	GSM2667597;GSM2667596	GSM2667598	0	SRP109117	PRJNA390303
GSE100040	POLR2A	HCT-116	GSM2670977;GSM2670975		0	SRP109292	PRJNA390543
GSE100040	POLR2A	HCT-116_mutantCdk7as	GSM2670978;GSM2670976		0	SRP109292	PRJNA390543
GSE100040	POLR2A	HCT-116_THZ1	GSM2670979		0	SRP109292	PRJNA390543
GSE100040	POLR2A	HCT-116_DMSO	GSM2670980		0	SRP109292	PRJNA390543
GSE100040	POLR2AphosphoS5	HCT-116	GSM2670983;GSM2670981		0	SRP109292	PRJNA390543
GSE100040	POLR2AphosphoS5	HCT-116_mutantCdk7as	GSM2670984;GSM2670982		0	SRP109292	PRJNA390543
GSE100040	POLR2AphosphoS2	HCT-116_mutantCdk7as	GSM2670987;GSM2670986		0	SRP109292	PRJNA390543
GSE100040	POLR2AphosphoS2	HCT-116	GSM2670988;GSM2670985		0	SRP109292	PRJNA390543
GSE100266	POLR2A	J-Lat_Clone-A72_DMSO_1	GSM2676801	GSM2676813	0	SRP109832	PRJNA391180
GSE100266	POLR2A	J-Lat_Clone-A72_JQ1_1	GSM2676804	GSM2676814	0	SRP109832	PRJNA391180
GSE100266	POLR2A	J-Lat_Clone-A72_DMSO_2	GSM2676807	GSM2676815	0	SRP109832	PRJNA391180
GSE100266	POLR2A	J-Lat_Clone-A72_JQ1_2	GSM2676810	GSM2676816	0	SRP109832	PRJNA391180
GSE100400	POLR2A	Hep-G2_transformed_2.2.15	GSM2680323		0	SRP110232	PRJNA391572
GSE100400	POLR2A	Hep-G2_transformed_H1.3	GSM2680324		0	SRP110232	PRJNA391572
GSE100400	POLR2A	HepaRG 	GSM2680325		0	SRP110232	PRJNA391572
GSE100580	POLR2A	U2OS_unt_1_S10	GSM2687420	GSM2687414	0	SRP110628	PRJNA392173
GSE100580	POLR2A	U2OS_UV_1_S11	GSM2687421	GSM2687415	0	SRP110628	PRJNA392173
GSE100580	POLR2A	U2OS_unt_2_S13	GSM2687423	GSM2687417	0	SRP110628	PRJNA392173
GSE100580	POLR2A	U2OS_UV_2_S14	GSM2687424	GSM2687418	0	SRP110628	PRJNA392173
GSE80151	POLR2A	Tet21N	GSM2690206	GSM2113531	0	SRP073110	PRJNA318044
GSE80151	POLR2A	Tet21N_DOX_2h	GSM2690207	GSM2113537	0	SRP073110	PRJNA318044
GSE80151	POLR2A	Tet21N_DOX_24h	GSM2690208	GSM2113541	0	SRP073110	PRJNA318044
GSE87324	POLR2A	TC-32_DMSO	GSM2690570		0	SRP090392	PRJNA344334
GSE87324	POLR2A	U2OS_DMSO	GSM2690571		0	SRP090392	PRJNA344334
GSE101559	POLR2A	MCF-7	GSM2706097		0	SRP112705	PRJNA394837
GSE101559	POLR2A	MCF-7_E2	GSM2706098		0	SRP112705	PRJNA394837
GSE101559	POLR2A	MCF-7_siJMJD6	GSM2706099		0	SRP112705	PRJNA394837
GSE101559	POLR2A	MCF-7_siJMJD6_E2	GSM2706100		0	SRP112705	PRJNA394837
GSE101708	POLR2A	HCT-116_DMSO	GSM2712770	GSM2712745	0	SRP113250	PRJNA395241
GSE101708	POLR2A	HCT-116_largazole_75nM	GSM2712771	GSM2712745	0	SRP113250	PRJNA395241
GSE101708	POLR2A	HCT-116_largazole_300nM	GSM2712772	GSM2712745	0	SRP113250	PRJNA395241
GSE101821	POLR2A	MV4-11-B_BETinh_4h_EX00101218_4h	GSM2716704	GSM2716703;GSM2716702	0	SRP113492	PRJNA395584
GSE101821	POLR2A	MV4-11-B_BETinh_4h	GSM2716705	GSM2716703;GSM2716702	0	SRP113492	PRJNA395584
GSE101821	POLR2A	MV4-11-B_DMSO	GSM2716706	GSM2716703;GSM2716702	0	SRP113492	PRJNA395584
GSE101821	POLR2A	MV4-11-B_EX00101218_4h	GSM2716707	GSM2716703;GSM2716702	0	SRP113492	PRJNA395584
GSE102164	POLR2A	CWR-R1-Pca_radiated	GSM2729729	GSM2729728	0	SRP114681	PRJNA396893
GSE102164	POLR2A	CWR-R1-Pca_non-radiated	GSM2729732	GSM2729731	0	SRP114681	PRJNA396893
GSE102395	POLR2AphosphoS5	MCF-7	GSM2735978		0	SRP115074	PRJNA397651
GSE102395	POLR2AphosphoS5	MCF-7_DOX	GSM2735979		0	SRP115074	PRJNA397651
GSE102406	POLR2A	MDA-MB-231_DMSO	GSM2736148;GSM2736147	GSM2736146;GSM2736145	0	SRP115099	PRJNA397708
GSE102406	POLR2A	MDA-MB-231_JQ1	GSM2736152;GSM2736151	GSM2736150;GSM2736149	0	SRP115099	PRJNA397708
GSE102406	POLR2A	MDA-MB-231_siYAPTAZ	GSM2736156;GSM2736155	GSM2736154;GSM2736153	0	SRP115099	PRJNA397708
GSE102474	POLR2A	HEK293_scramble-control	GSM2738378;GSM2738377		0	SRP115184	PRJNA397840
GSE102474	POLR2A	HEK293_Top1-KD	GSM2738380;GSM2738379		0	SRP115184	PRJNA397840
GSE102584	POLR2A	erythroblasts_GC-1	GSM2741448	GSM2741452	0	SRP115352	PRJNA398104
GSE102684	POLR2A	iPSCs	GSM2742892	GSM2742890	0	SRP115488	PRJNA398386
GSE102684	POLR2A	iPSCs_dCas9-inactive-Tet1	GSM2742898	GSM2742896	0	SRP115488	PRJNA398386
GSE102684	POLR2A	iPSCs_dCas9-Tet1	GSM2742904	GSM2742902	0	SRP115488	PRJNA398386
GSE102796	POLR2A	SW480_TNF-a_16h	GSM2746543	GSM2746549	0	SRP115797	PRJNA399115
GSE103252	POLR2A	HeLa_AMO_8h	GSM2759021		0	SRP116552	PRJNA400626
GSE103252	POLR2A	HeLa_AMO_8h_U1	GSM2759022		0	SRP116552	PRJNA400626
GSE97527	POLR2A	DLD-1_PAF1-AID	GSM2769056	GSM2769061	0	SRP103746	PRJNA382164
GSE97527	POLR2A	DLD-1_PAF1-AID_Auxin_1h	GSM2769057	GSM2769061	0	SRP103746	PRJNA382164
GSE97527	POLR2A	DLD-1_PAF1-AID_Auxin_4h	GSM2769058	GSM2769061	0	SRP103746	PRJNA382164
GSE97527	POLR2A	DLD-1	GSM2769059	GSM2769062	0	SRP103746	PRJNA382164
GSE97527	POLR2A	DLD-1_Auxin_4h	GSM2769060	GSM2769062	0	SRP103746	PRJNA382164
GSE97527	POLR2A	THP-1	GSM2779055;GSM2779054		0	SRP103746	PRJNA382164
GSE97527	POLR2A	THP-1_shPAF1	GSM2779057;GSM2779056		0	SRP103746	PRJNA382164
GSE95374	POLR2A	K-562	GSM2789803;GSM2789802	GSM2789811;GSM2789810	0	SRP100725	PRJNA376803
GSE95374	POLR2A	K-562_MORC2_KO	GSM2789805;GSM2789804	GSM2789811;GSM2789810	0	SRP100725	PRJNA376803
GSE95374	POLR2A	K-562_MPP8_KO	GSM2789807;GSM2789806	GSM2789811;GSM2789810	0	SRP100725	PRJNA376803
GSE95374	POLR2A	K-562_TASOR_KO	GSM2789809;GSM2789808	GSM2789811;GSM2789810	0	SRP100725	PRJNA376803
GSE104545	POLR2A	RMG-I	GSM2803066;GSM2803065	GSM2803071	0	SRP119318	PRJNA413026
GSE104545	POLR2A	RMG-I_DOX_FLAVO	GSM2803067	GSM2803071	0	SRP119318	PRJNA413026
GSE104545	POLR2A	RMG-I_DOX_NO-FLAVO	GSM2803068	GSM2803071	0	SRP119318	PRJNA413026
GSE104545	POLR2A	RMG-I_DOX	GSM2803070;GSM2803069	GSM2803071	0	SRP119318	PRJNA413026
GSE104545	POLR2A	RMG-I_FLAVO	GSM3032376		0	SRP119318	PRJNA413026
GSE104545	POLR2A	RMG-I	GSM3032377		0	SRP119318	PRJNA413026
GSE104545	POLR2A	RMG-I_DOX_FLAVO	GSM3032378		0	SRP119318	PRJNA413026
GSE104545	POLR2A	RMG-I_DOX_NO-FLAVO	GSM3032379		0	SRP119318	PRJNA413026
GSE105028	POLR2A	H9-hESCs	GSM2816623		0	SRP120027	PRJNA414442
GSE105028	POLR2A	H9-hESCs_heat-shock	GSM2816624		0	SRP120027	PRJNA414442
GSE105038	POLR2A	HBTEC_mock	GSM2816757	GSM2816762	0	SRP120045	PRJNA414466
GSE105038	POLR2A	HBTEC_e1aWT	GSM2816758	GSM2816763	0	SRP120045	PRJNA414466
GSE105038	POLR2A	HBTEC_FOXKb	GSM2816759	GSM2816764	0	SRP120045	PRJNA414466
GSE105038	POLR2A	HBTEC_DCAF7b	GSM2816760	GSM2816765	0	SRP120045	PRJNA414466
GSE105038	POLR2A	HBTEC_CtBPb	GSM2816761	GSM2816766	0	SRP120045	PRJNA414466
GSE106359	POLR2A	HL-60	GSM2836502	GSM2836500	0	SRP123108	PRJNA416461
GSE106359	POLR2A	HL-60_PMA-treated_16h	GSM2836503	GSM2836501	0	SRP123108	PRJNA416461
GSE101708	POLR2A	RPE_DMSO	GSM2865074	GSM2865065	0	SRP113250	PRJNA395241
GSE101708	POLR2A	RPE_largazole_75nM	GSM2865075	GSM2865065	0	SRP113250	PRJNA395241
GSE101708	POLR2A	RPE_largazole_300nM	GSM2865076	GSM2865065	0	SRP113250	PRJNA395241
GSE107599	POLR2A	HAP1	GSM2871911;GSM2871910	GSM2871914	0	SRP125964	PRJNA420748
GSE107599	POLR2A	HAP1_EBSS_3h	GSM2871913;GSM2871912	GSM2871914	0	SRP125964	PRJNA420748
GSE108025	POLR2A	CRL-7250_shRNA-SS18	GSM2887609	GSM2887612	0	SRP126661	PRJNA422263
GSE108025	POLR2A	CRL-7250_shRNA-SS18-SSX	GSM2887610	GSM2887613	0	SRP126661	PRJNA422263
GSE108173	POLR2A	HeLa-S3_synchronized	GSM2891699;GSM2891698	GSM2891695;GSM2891694	0	SRP126922	PRJNA422751
GSE108173	POLR2A	HeLa-S3_unsynchronized	GSM2891701;GSM2891700	GSM2891697;GSM2891696	0	SRP126922	PRJNA422751
GSE108323	POLR2A	K-562_1	GSM2895353		0	SRP116017	
GSE108323	POLR2A	K-562_2	GSM2895357		0	SRP116017	
GSE108830	POLR2AphosphoS2	MDA-MB-231_shNC	GSM2913901	GSM2913898	0	SRP128133	PRJNA428755
GSE108830	POLR2AphosphoS5	MDA-MB-231_shNC	GSM2913902	GSM2913898	0	SRP128133	PRJNA428755
GSE108830	POLR2AphosphoS2	MDA-MB-231_shMePCE	GSM2913907	GSM2913904	0	SRP128133	PRJNA428755
GSE108830	POLR2AphosphoS5	MDA-MB-231_shMePCE	GSM2913908	GSM2913904	0	SRP128133	PRJNA428755
GSE109411	POLR2A	B-Cll_1	GSM2942537	GSM2942561	0	SRP131126	PRJNA430819
GSE109411	POLR2A	B-Cll_CpGoligo_4h_1	GSM2942538	GSM2942561	0	SRP131126	PRJNA430819
GSE109411	POLR2A	B-Cll_CpGoligo_4h_BETinh_1	GSM2942539	GSM2942561	0	SRP131126	PRJNA430819
GSE109411	POLR2A	B-Cll_2	GSM2942540	GSM2942561	0	SRP131126	PRJNA430819
GSE109411	POLR2A	B-Cll_CpGoligo_4h_2	GSM2942541	GSM2942561	0	SRP131126	PRJNA430819
GSE109411	POLR2A	B-Cll_CpGoligo_4h_BETinh_2	GSM2942542	GSM2942561	0	SRP131126	PRJNA430819
GSE109411	POLR2A	B-Cll_3	GSM2942543	GSM2942561	0	SRP131126	PRJNA430819
GSE109411	POLR2A	B-Cll_CpGoligo_4h_3	GSM2942544	GSM2942561	0	SRP131126	PRJNA430819
GSE109411	POLR2A	B-Cll_CpGoligo_4h_BETinh_3	GSM2942545	GSM2942561	0	SRP131126	PRJNA430819
GSE109411	POLR2A	B-Cll_4	GSM2942546	GSM2942561	0	SRP131126	PRJNA430819
GSE109411	POLR2A	B-Cll_CpGoligo_4h_4	GSM2942547	GSM2942561	0	SRP131126	PRJNA430819
GSE109411	POLR2A	B-Cll_CpGoligo_4h_BETinh_4	GSM2942548	GSM2942561	0	SRP131126	PRJNA430819
GSE109575	POLR2A	Huh-7	GSM2946723	GSM2946724	0	SRP131262	PRJNA431417
GSE109619	POLR2A	KG-1	GSM2947312	GSM2947314	0	SRP131214	PRJNA431542
GSE109625	POLR2A	HUVEC_VEGF_0h	GSM2947433		0	SRP131219	PRJNA431557
GSE109625	POLR2A	HUVEC_VEGF_1h	GSM2947434		0	SRP131219	PRJNA431557
GSE109625	POLR2A	HUVEC_VEGF_4h	GSM2947435		0	SRP131219	PRJNA431557
GSE109625	POLR2A	HUVEC_VEGF_12h	GSM2947436		0	SRP131219	PRJNA431557
GSE110566	POLR2A	HL-60_DMSO	GSM3001099		0	SRP132810	PRJNA433996
GSE110566	POLR2A	HL-60_TPA	GSM3001104		0	SRP132810	PRJNA433996
GSE111460	POLR2A	K-562_DMSO_1h	GSM3031507	GSM3031505	0	SRP134016	PRJNA437112
GSE111460	POLR2A	K-562_IAA_1h	GSM3031508	GSM3031506	0	SRP134016	PRJNA437112
GSE111460	POLR2AphosphoS5	K-562_DMSO_1h	GSM3031509	GSM3031505	0	SRP134016	PRJNA437112
GSE111460	POLR2AphosphoS5	K-562_IAA_1h	GSM3031510	GSM3031506	0	SRP134016	PRJNA437112
GSE111460	POLR2AphosphoS2	K-562_DMSO_1h	GSM3031511	GSM3031505	0	SRP134016	PRJNA437112
GSE111460	POLR2AphosphoS2	K-562_IAA_1h	GSM3031512	GSM3031506	0	SRP134016	PRJNA437112
GSE112326	POLR2AphosphoS2	HASMCs_PBS	GSM3067747	GSM3067745	0	SRP136462	PRJNA445689
GSE112326	POLR2AphosphoS2	HASMCs_TGF-beta	GSM3067750	GSM3067748	0	SRP136462	PRJNA445689
GSE113497	POLR2A	A-549_siCtrl	GSM3107931	GSM3107930	0	SRP142109	PRJNA451354
GSE113497	POLR2A	A-549_siNfr2	GSM3107932	GSM3107930	0	SRP142109	PRJNA451354
GSE103477	POLR2A	MDM_mock-infected_6h	GSM3111944;GSM3111943	GSM3111963	0	SRP117084	PRJNA401748
GSE103477	POLR2A	MDM_H5N1-IAV-infected_6h	GSM3111946;GSM3111945	GSM3111964	0	SRP117084	PRJNA401748
GSE103477	POLR2A	MDM_H5N1-dNS1-IAV-infected_6h	GSM3111948;GSM3111947	GSM3111965	0	SRP117084	PRJNA401748
GSE103477	POLR2A	MDM_IFNb_6h	GSM3111950;GSM3111949	GSM3111966	0	SRP117084	PRJNA401748
GSE103477	POLR2AphosphoS2	MDM_mock-infected_6h	GSM3111951	GSM3111963	0	SRP117084	PRJNA401748
GSE103477	POLR2AphosphoS2	MDM_H5N1-IAV-infected_6h	GSM3111952	GSM3111964	0	SRP117084	PRJNA401748
GSE103477	POLR2AphosphoS2	MDM_H5N1-dNS1-IAV-infected_6h	GSM3111953	GSM3111965	0	SRP117084	PRJNA401748
GSE103477	POLR2AphosphoS2	MDM_IFNb_6h	GSM3111954	GSM3111966	0	SRP117084	PRJNA401748
GSE103477	POLR2AphosphoS5	MDM_mock-infected_6h	GSM3111955	GSM3111963	0	SRP117084	PRJNA401748
GSE103477	POLR2AphosphoS5	MDM_H5N1-IAV-infected_6h	GSM3111956	GSM3111964	0	SRP117084	PRJNA401748
GSE103477	POLR2AphosphoS5	MDM_H5N1-dNS1-IAV-infected_6h	GSM3111957	GSM3111965	0	SRP117084	PRJNA401748
GSE103477	POLR2AphosphoS5	MDM_IFNb_6h	GSM3111958	GSM3111966	0	SRP117084	PRJNA401748
GSE103477	POLR2AphosphoS7	MDM_mock-infected_6h	GSM3111959	GSM3111963	0	SRP117084	PRJNA401748
GSE103477	POLR2AphosphoS7	MDM_H5N1-IAV-infected_6h	GSM3111960	GSM3111964	0	SRP117084	PRJNA401748
GSE103477	POLR2AphosphoS7	MDM_H5N1-dNS1-IAV-infected_6h	GSM3111961	GSM3111965	0	SRP117084	PRJNA401748
GSE103477	POLR2AphosphoS7	MDM_IFNb_6h	GSM3111962	GSM3111966	0	SRP117084	PRJNA401748
GSE103477	POLR2A	MDM_eGFP_IFNb_6h	GSM3111974;GSM3111973	GSM3111980	0	SRP117084	PRJNA401748
GSE103477	POLR2A	MDM_NS1_IFNb_6h	GSM3111976;GSM3111975	GSM3111980	0	SRP117084	PRJNA401748
GSE103477	POLR2A	MDM_NS1_IFNb_6h_FLAVO_3h	GSM3111977		0	SRP117084	PRJNA401748
GSE103477	POLR2A	THP-1_eGFP_siCtrl	GSM3112002	GSM3112035	0	SRP117084	PRJNA401748
GSE103477	POLR2A	THP-1_eGFP_siCtrl_Pam3csk_4h	GSM3112003	GSM3112035	0	SRP117084	PRJNA401748
GSE103477	POLR2A	THP-1_NS1_siCtrl	GSM3112004	GSM3112035	0	SRP117084	PRJNA401748
GSE103477	POLR2A	THP-1_NS1_siCtrl_Pam3csk_4h	GSM3112005	GSM3112035	0	SRP117084	PRJNA401748
GSE103477	POLR2A	THP-1_NS1_siCtrl_Pam3csk_7h_FLAVO_3h	GSM3112006	GSM3112035	0	SRP117084	PRJNA401748
GSE103477	POLR2A	THP-1_eGFP_siNIPBL_Pam3csk_4h	GSM3112007	GSM3112036	0	SRP117084	PRJNA401748
GSE103477	POLR2A	THP-1_NS1_siNIPBL_Pam3csk_4h	GSM3112008	GSM3112036	0	SRP117084	PRJNA401748
GSE103477	POLR2A	THP-1_NS1_siNIPBL_Pam3csk_7h_FLAVO_3h	GSM3112009	GSM3112036	0	SRP117084	PRJNA401748
GSE103477	POLR2A	THP-1_eGFP_siWAPL_Pam3csk_4h	GSM3112010	GSM3112037	0	SRP117084	PRJNA401748
GSE103477	POLR2A	THP-1_NS1_siWAPL_Pam3csk_4h	GSM3112011	GSM3112037	0	SRP117084	PRJNA401748
GSE103477	POLR2A	THP-1_NS1_siWAPL_Pam3csk_7h_FLAVO_3h	GSM3112012	GSM3112037	0	SRP117084	PRJNA401748
GSE103477	POLR2A	THP-1	GSM3112038	GSM3112071	0	SRP117084	PRJNA401748
GSE103477	POLR2A	THP-1_Pam3csk_20min	GSM3112039	GSM3112072	0	SRP117084	PRJNA401748
GSE103477	POLR2A	THP-1_Pam3csk_25min	GSM3112040	GSM3112073	0	SRP117084	PRJNA401748
GSE103477	POLR2A	THP-1_Pam3csk_30min	GSM3112041	GSM3112074	0	SRP117084	PRJNA401748
GSE103477	POLR2A	THP-1_Pam3csk_45min	GSM3112042	GSM3112075	0	SRP117084	PRJNA401748
GSE103477	POLR2A	THP-1_Pam3csk_1h	GSM3112043	GSM3112076	0	SRP117084	PRJNA401748
GSE103477	POLR2A	THP-1_Pam3csk_120min	GSM3112044	GSM3112077	0	SRP117084	PRJNA401748
GSE103477	POLR2A	THP-1_Pam3csk_150min_FLAVO_30min	GSM3112045	GSM3112078	0	SRP117084	PRJNA401748
GSE103477	POLR2A	THP-1_Pam3csk_180min_FLAVO_1h	GSM3112046	GSM3112079	0	SRP117084	PRJNA401748
GSE103477	POLR2A	THP-1_Pam3csk_360min	GSM3112047	GSM3112080	0	SRP117084	PRJNA401748
GSE103477	POLR2A	THP-1_FLAVO_240min	GSM3112048	GSM3112081	0	SRP117084	PRJNA401748
GSE103477	POLR2A	THP-1_DEX_0h	GSM3112083	GSM3112093	0	SRP117084	PRJNA401748
GSE103477	POLR2A	THP-1_DEX_6h	GSM3112084	GSM3112093	0	SRP117084	PRJNA401748
GSE103477	POLR2A	THP-1_INFb_0h	GSM3112085	GSM3112094	0	SRP117084	PRJNA401748
GSE103477	POLR2A	THP-1_IFNb_6h	GSM3112086	GSM3112094	0	SRP117084	PRJNA401748
GSE103477	POLR2A	THP-1_eGFP_Pam3csk_0h	GSM3112095	GSM3112107	0	SRP117084	PRJNA401748
GSE103477	POLR2A	THP-1_eGFP_Pam3csk_4h	GSM3112096	GSM3112108	0	SRP117084	PRJNA401748
GSE103477	POLR2A	THP-1_NS1_Pam3csk_0h	GSM3112097	GSM3112109	0	SRP117084	PRJNA401748
GSE103477	POLR2A	THP-1_NS1_Pam3csk_4h	GSM3112098	GSM3112110	0	SRP117084	PRJNA401748
GSE117006	POLR2A	HCT-116_W303_3MB	GSM3267255		0	SRP153173	PRJNA480845
GSE117006	POLR2A	HCT-116_W303_3MB_NaCl_10min	GSM3267256		0	SRP153173	PRJNA480845
GSE117006	POLR2A	HCT-116_W303_R2	GSM3267257		0	SRP153173	PRJNA480845
GSE117006	POLR2A	HCT-116_W303_NaCl_10min	GSM3267258		0	SRP153173	PRJNA480845
GSE117006	POLR2A	HCT-116_W303_NaCl_30min	GSM3267259		0	SRP153173	PRJNA480845
GSE117006	POLR2A	HCT-116_DRB_NaCl_2min	GSM3267266		0	SRP153173	PRJNA480845
GSE117006	POLR2A	HCT-116_DRB_NaCl_5min	GSM3267267		0	SRP153173	PRJNA480845
GSE117006	POLR2A	HCT-116_DRB_NaCl_10min	GSM3267268		0	SRP153173	PRJNA480845
GSE117006	POLR2A	HCT-116_M12_1d_NaCl_10min	GSM3267269		0	SRP153173	PRJNA480845
GSE117006	POLR2A	HCT-116_M12_1d	GSM3267270		0	SRP153173	PRJNA480845
GSE117006	POLR2A	HCT-116_3MB	GSM3267271		0	SRP153173	PRJNA480845
GSE117006	POLR2A	HCT-116_3MB_NaCl_10min_recovery15	GSM3267272		0	SRP153173	PRJNA480845
GSE117006	POLR2A	HCT-116_M12_Trip	GSM3267273		0	SRP153173	PRJNA480845
GSE117006	POLR2A	HCT-116_M12_Trip_NaCl_10min	GSM3267274		0	SRP153173	PRJNA480845
GSE117006	POLR2A	HCT-116_M12_Trip_NaCl_10min_recovery_15min	GSM3267275		0	SRP153173	PRJNA480845
GSE117006	POLR2A	HCT-116_Trip	GSM3267276		0	SRP153173	PRJNA480845
GSE117006	POLR2A	HCT-116_Trip_NaCL_10min	GSM3267277		0	SRP153173	PRJNA480845
GSE117006	POLR2A	HCT-116_Trip_NaCl_10min_recovery_15min	GSM3267278		0	SRP153173	PRJNA480845
GSE117006	POLR2A	HCT-116_W303_R5	GSM3267279		0	SRP153173	PRJNA480845
GSE117006	POLR2A	HCT-116_W303_sucrose_10min	GSM3267280		0	SRP153173	PRJNA480845
GSE117006	POLR2A	HCT-116_W303_DRB	GSM3267281		0	SRP153173	PRJNA480845
GSE117006	POLR2A	HCT-116_W303_DRB_NaCl_10min	GSM3267282		0	SRP153173	PRJNA480845
GSE117006	POLR2A	HCT-116	GSM3267283		0	SRP153173	PRJNA480845
GSE117006	POLR2A	HCT-116_Trip_2min	GSM3267284		0	SRP153173	PRJNA480845
GSE117006	POLR2A	HCT-116_Trip_5min	GSM3267285		0	SRP153173	PRJNA480845
GSE117006	POLR2A	HCT-116_Trip_10min	GSM3267286		0	SRP153173	PRJNA480845
GSE117006	POLR2A	HCT-116_Trip_30min	GSM3267287		0	SRP153173	PRJNA480845
GSE117006	POLR2A	HEK293_TFIIS_DN_H2O	GSM3267293		0	SRP153173	PRJNA480845
GSE117006	POLR2A	HEK293_TFIIS_DN_H2O_Trip_5min	GSM3267294		0	SRP153173	PRJNA480845
GSE117006	POLR2A	HEK293_TFIIS_DN_H2O_Trip_10min	GSM3267295		0	SRP153173	PRJNA480845
GSE117006	POLR2A	HEK293_TFIIS_DN_H2O_Trip_15min	GSM3267296		0	SRP153173	PRJNA480845
GSE117006	POLR2A	Hap1_NELFA_deg_TMP	GSM3267297		0	SRP153173	PRJNA480845
GSE117006	POLR2A	Hap1_NELFA_deg_TMP_NaCl_5min	GSM3267298		0	SRP153173	PRJNA480845
GSE117250	POLR2A	BJAB_PMA-iniomycin_0h	GSM3289909;GSM3289908	GSM3289901GSM3289900	0	SRP154213	PRJNA481539
GSE117250	POLR2A	BJAB_PMA-iniomycin_1h	GSM3289911;GSM3289910	GSM3289901GSM3289900	0	SRP154213	PRJNA481539
GSE117250	POLR2A	BJAB_PMA-iniomycin_4h	GSM3289913;GSM3289912	GSM3289901GSM3289900	0	SRP154213	PRJNA481539
GSE118305	POLR2B	HMDMs_H6_mock	GSM3324461		0	SRP156762	PRJNA485140
GSE118305	POLR2B	HMDMs_H6_ZIKV-neg	GSM3324462		0	SRP156762	PRJNA485140
GSE118305	POLR2B	HMDMs_H6_ZIKV-positive	GSM3324463		0	SRP156762	PRJNA485140
GSE118305	POLR2B	HMDMs_H7_mock	GSM3324464		0	SRP156762	PRJNA485140
GSE118305	POLR2B	HMDMs_H7_ZIKV-neg	GSM3324465		0	SRP156762	PRJNA485140
GSE118305	POLR2B	HMDMs_H7_ZIKV-positive	GSM3324466		0	SRP156762	PRJNA485140
GSE118305	POLR2B	HMDMs_H10_mock	GSM3324484	GSM3324487	0	SRP156762	PRJNA485140
GSE118305	POLR2B	HMDMs_H10_ZIKV-neg	GSM3324485	GSM3324488	0	SRP156762	PRJNA485140
GSE118305	POLR2B	HMDMs_H10_ZIKV-positive	GSM3324486	GSM3324489	0	SRP156762	PRJNA485140
GSE119676	POLR2A	UACC-812	GSM3380707	GSM3380706	0	SRP160394	PRJNA489890
GSE119676	POLR2AphosphoS5	UACC-812	GSM3380708	GSM3380706	0	SRP160394	PRJNA489890
GSE119676	POLR2A	T-47D	GSM3380710	GSM3380709	0	SRP160394	PRJNA489890
GSE119676	POLR2AphosphoS5	T-47D	GSM3380711	GSM3380709	0	SRP160394	PRJNA489890
GSE119712	POLR2A	HEK293_DMSO	GSM3381236	GSM3381235	0	SRP160884	PRJNA490093
GSE119712	POLR2A	HEK293_DRB	GSM3381238	GSM3381237	0	SRP160884	PRJNA490093
GSE119712	POLR2A	HEK293_DMSO_CFIm25_KO	GSM3381240	GSM3381239	0	SRP160884	PRJNA490093
GSE119712	POLR2A	HEK293_DRB_CFIm25_KO	GSM3381242	GSM3381241	0	SRP160884	PRJNA490093
